Strategy,IS Ann. Mean,IS Ann. Std,IS Sharpe,IS IR,IS Max DD,IS Calmar,IS % Positive,IS Total Return,IS N Months,OOS Ann. Mean,OOS Ann. Std,OOS Sharpe,OOS IR,OOS Max DD,OOS Calmar,OOS % Positive,OOS Total Return,OOS N Months
MSCI EM,0.15492116287591592,0.22471417841066155,0.6894142771570025,,0.2687640673405148,0.5764206666795088,0.5084745762711864,0.8935471078125901,59,0.023577203669731164,0.16583252398061799,0.14217478636752098,,0.38369870877264395,0.06144718011991422,0.5555555555555556,0.1177133510855779,135
Single-Factor (Raw),0.20564237877086522,0.2163914053382185,0.9503260004686757,,0.24693815329887822,0.8327687561588297,0.576271186440678,1.442207912164978,59,0.06432047405131464,0.16680197947764955,0.3856097766509611,,0.28944315823822075,0.22222143526494026,0.562962962962963,0.7658318315744859,135
