Strategy,IS Ann. Mean,IS Ann. Std,IS Sharpe,IS IR,IS Max DD,IS Calmar,IS % Positive,IS Total Return,IS N Months,OOS Ann. Mean,OOS Ann. Std,OOS Sharpe,OOS IR,OOS Max DD,OOS Calmar,OOS % Positive,OOS Total Return,OOS N Months
MSCI EM,0.15492116287591592,0.22471417841066155,0.6894142771570025,,0.2687640673405148,0.5764206666795088,0.5084745762711864,0.8935471078125901,59,0.023577203669731164,0.16583252398061799,0.14217478636752098,,0.38369870877264395,0.06144718011991422,0.5555555555555556,0.1177133510855779,135
Single-Factor (Raw),0.19963369954531252,0.2145570906967439,0.9304455932779021,,0.24935935546338842,0.8005863633001861,0.559322033898305,1.3765543471939758,59,0.06934708295916485,0.16766749937030093,0.4135988382936923,,0.3106323652383806,0.2232448731024779,0.5333333333333333,0.8664743525678751,135
