Strategy,Ann. Mean,Ann. Std,Sharpe,IR,Max DD,Calmar,% Positive,Total Return,N Months
MSCI EM,0.06352201600563273,0.18594214816163396,0.34162247039554977,,0.3851232942700763,0.16493942836157427,0.5412371134020618,1.1164428833116142,194
Single-Factor (Raw),0.10897033233330254,0.18344928130896213,0.5940079544371536,,0.3106323652383803,0.35080160513756625,0.5412371134020618,3.4357777365212447,194
