Strategy,Ann. Mean,Ann. Std,Sharpe,IR,Max DD,Calmar,% Positive,Total Return,N Months
MSCI EM,0.06352201600563273,0.18594214816163396,0.34162247039554977,,0.3851232942700763,0.16493942836157427,0.5412371134020618,1.1164428833116142,194
SF (best-1),0.10729981620829132,0.18369359785971598,0.5841238750750288,0.8497387517559692,0.2894431582382204,0.3707111850955563,0.5670103092783505,3.312528470623981,194
All6-EW,0.10863332693402904,0.1847175335906197,0.5881051182438787,0.9363532313604072,0.33474032146346,0.32453015059283014,0.5515463917525774,3.394229629090516,194
All6-ICwt,0.10639039129142983,0.18368392866781272,0.5792035920781828,0.8842834355227294,0.31763091444548225,0.3349497371097061,0.5360824742268041,3.2527018122128055,194
Top3-EW,0.10169089956174557,0.18531453216915827,0.5487475718791464,0.8138656677971631,0.321201418403729,0.31659542497389226,0.5309278350515464,2.9235255259375053,194
Top3-ICwt,0.10499789364892931,0.18486287534132897,0.5679771747305252,0.8823741207313314,0.30273064485414103,0.34683602546917064,0.5463917525773195,3.142849487688138,194
Corr03-EW,0.10503141403501659,0.1845159766031847,0.569226665184091,0.8078122871241633,0.3121927712617616,0.3364312812577963,0.5463917525773195,3.1506693896828812,194
Corr03-ICwt,0.11199848582338293,0.18454204513383024,0.6068995590796743,1.0049072473648812,0.29889229552048147,0.37471185273729574,0.5412371134020618,3.639881107265878,194
Corr05-EW,0.10759227017998022,0.18425286568577917,0.5839381101592511,0.945720256821779,0.33054192678108313,0.32550264115583205,0.5515463917525774,3.328852024604207,194
