Strategy,Stock_TO,PC_TO,Total_TO,0bps,10bps,20bps,45bps,50bps,75bps,Break_Even
Corr03ICwt+TO_MVO,0.1452648685089912,0.0195893246145246,0.1648541931235158,0.3314779123347755,0.32100373559889184,0.310529558863008,0.28434411702329854,0.2791070286553565,0.252921586815647,316.4715668766174
Corr03ICwt+Momentum,0.1452648685089912,0.10819719500684381,0.253462063515835,0.43494229093797265,0.41806383378312334,0.401185376628274,0.3589892337411506,0.3505500051637261,0.3083538622766027,257.69078710669345
Corr03EW+TO_MVO,0.1771969065670755,0.021593388603520582,0.1987902951705961,0.3440891229902898,0.33164182037414786,0.3191945177580059,0.2880762612176512,0.28185260990958005,0.25073435336922534,276.43669765372886
Corr03EW+Momentum,0.1771969065670755,0.09670087438125267,0.2738977809483282,0.3888432032372884,0.3701732013273744,0.3515031994174604,0.3048281946426757,0.2954931936877187,0.24881818891293392,208.27164620203354
All6EW+EqualWeight,0.1841922508619055,0.0,0.1841922508619055,0.4072165856158115,0.39537347817580454,0.38353037073579743,0.35392260213577986,0.3480010484157763,0.31839327981575843,343.84268459829894
