,EqualWeight,InverseVol,MinVariance,MaxSharpe,RiskParity,HRP,Momentum,BlackLitterman,MeanCVaR,TO_MVO
SF,0.4580100893837721,0.40541381697823886,0.38252963120265104,0.463582409000427,0.44195149381968835,0.4352563863876019,0.5026154580806923,0.5556354135023843,0.49639743900694017,0.5476542586327179
All6EW,0.45912392390044426,0.4184966734311189,0.3270310712388611,0.5098281170263026,0.4272841745647513,0.42166838224503356,0.5337850647104377,0.46683797288089013,0.4209065671419575,0.5305009263314082
All6ICwt,0.4138408230826856,0.37801488487879964,0.2565686062752117,0.3705775853000806,0.38188834699147944,0.38859620208899276,0.41059492103177886,0.37909954312956884,0.3474724619015602,0.4187525082271684
Top3EW,0.31600720357548245,0.2714220417222268,0.19643833367413496,0.35102151661122205,0.30173812174596226,0.2991214007091243,0.41553790586993633,0.31722737213106195,0.3800437618547753,0.3736542632805632
Top3ICwt,0.3188068383105059,0.28423844472650234,0.188245363335427,0.25980406824932767,0.2968684949755316,0.23975714976762866,0.4046058510471063,0.26352651608981154,0.18221522345506924,0.2761060260854835
Corr03EW,0.5447997077314178,0.4889843041565756,0.44125509084802844,0.5729789508951677,0.5164877715700879,0.5339654702542971,0.6177979984577711,0.5145074653892747,0.5934559956566475,0.5192919493698542
Corr03ICwt,0.5870687377256376,0.5169462385621065,0.4323637397070377,0.546821789600186,0.5479769953334442,0.5428686593543778,0.6477220640141843,0.5446910776470956,0.536244584635461,0.5351264145845798
Corr05EW,0.48571123947502964,0.46147670129899493,0.4010027891857534,0.5533986850535613,0.4753490967958411,0.4744311803553842,0.5207715051948332,0.5275979312301495,0.47250082074385347,0.5631753272804995
