,Dev Sharpe,Holdout Sharpe,Decay,Holdout AnnRet,Holdout AnnVol,Holdout MaxDD,Holdout TotalRet,N Months
Corr03ICwt+TO_MVO,0.5351264145845798,0.3314779123347755,-0.20364850224980424,0.06260599776477542,0.18886928943110576,-0.3416833917984726,0.3236553750273792,75.0
Corr03ICwt+Momentum,0.6477220640141843,0.43494229093797265,-0.21277977307621165,0.0783778063788987,0.1802027717513361,-0.2621613517845012,0.47440694376604897,75.0
Corr03EW+TO_MVO,0.5192919493698542,0.3440891229902898,-0.1752028263795644,0.06594351926708351,0.19164662542658878,-0.3123448909689598,0.34695936981247866,75.0
Corr03EW+Momentum,0.6177979984577711,0.3888432032372884,-0.22895479522048268,0.06845417007503074,0.17604569015253468,-0.23428087982957968,0.3926232381272614,75.0
All6EW+EqualWeight,0.45912392390044426,0.4072165856158115,-0.05190733828463279,0.0759997896222731,0.18663235316740048,-0.33474032146345956,0.4451551167911423,75.0
