,Size,Value (P/B),Quality (ROE),Momentum,Volatility,Dividend Yield
Size,1.0,0.3540106645095609,0.23940411725004537,0.3569426087293662,-0.31880219344294164,0.04135288285185914
Value (P/B),0.3540106645095609,1.0,0.5771412348473544,0.44712112197945153,-0.3270066855709508,-0.19151061421546367
Quality (ROE),0.23940411725004537,0.5771412348473544,1.0,0.32165991943599237,-0.29718377269714397,0.17756608032765422
Momentum,0.3569426087293662,0.44712112197945153,0.32165991943599237,1.0,-0.2825653362298586,-0.07725520565556639
Volatility,-0.31880219344294164,-0.3270066855709508,-0.29718377269714397,-0.2825653362298586,1.0,-0.4118056355717111
Dividend Yield,0.04135288285185914,-0.19151061421546367,0.17756608032765422,-0.07725520565556639,-0.4118056355717111,1.0
