Config,Params,Dev_Sharpe,Hold_Sharpe_Gross,Hold_Sharpe_TC,Hold_AnnRet,Hold_AnnVol,Hold_MaxDD,PC_Turnover,Total_Turnover,N_Months
"Default (λ=2.5, γ=0.001)","{'risk_aversion': 2.5, 'gamma': 0.001, 'bounds': (0.02, 0.2)}",0.6679110949747489,0.3916750063587946,0.3236482873886307,0.07342964396468404,0.18747595014377477,-0.27441024601142794,0.05273470980960024,0.23692696067150573,63
TSCV-Best,"{'risk_aversion': np.float64(2.0), 'gamma': np.float64(0.01), 'bounds': (0.05, 0.15)}",0.6077575459181388,0.28426105631403353,0.23169326709045862,0.05438690559078535,0.191327318261641,-0.35055778085109246,0.002654733227904693,0.18684698408981018,63
Enhanced-Best,"{'risk_aversion': np.float64(2.0), 'gamma': np.float64(0.01), 'bounds': (0.05, 0.15), 'gamma_l2': np.float64(0.5), 'mu_shrink': np.float64(1.0)}",0.6078785860749601,0.2789744160510971,0.22747764732689643,0.05371138583152175,0.19253158261538916,-0.33474032146141,7.530645014385309e-13,0.18419225086265856,63
EqualWeight (1/N),N/A,0.6078785860839119,0.2789744160385489,0.22747764731523978,0.053711385829815994,0.19253158261793482,-0.3347403214634598,0.0,0.1841922508619055,63
