Strategy,Ann Ret (gross),Ann Ret (net),Ann Vol,Sharpe (gross),Sharpe (net),Max DD,Max DD (net),% Pos,N
(a) All6-EW + TO_MVO,0.11502474792815973,0.10467717511227521,0.1894730045237828,0.6070772362388,0.5524648504696934,-0.27441024601142794,-0.284565553109995,0.6086956521739131,69
(b) All6-EW + Momentum,0.11092736209452964,0.09580187715550202,0.1866124721824885,0.5944263038649082,0.5133733883650461,-0.2856284962649077,-0.3094094836853287,0.5942028985507246,69
EEM (total-return),0.06576834782608693,0.06576834782608693,0.18486502979325306,0.35576413721751526,0.35576413721751526,-0.3672902515902261,-0.3672902515902261,0.5652173913043478,69
MSCI EM (price),0.05009366257824957,0.05009366257824957,0.18280981004790597,0.27402064782585983,0.27402064782585983,-0.3836987087726439,-0.3836987087726439,0.5652173913043478,69
