Year,Alpha_ann,Vol,Sharpe,HitRate,N_months
2019,0.06237733539808919,0.05032212791072871,1.2395607655691028,0.6363636363636364,11
2020,0.16822146616272998,0.07475810007307489,2.250210559100567,0.6666666666666666,12
2021,0.0713350496812287,0.0763219930597843,0.9346591568350522,0.6666666666666666,12
2022,0.0720229231672563,0.07197524543753016,1.000662418438955,0.5,12
2023,-0.0398122775113003,0.05915891431713681,-0.6729717401147051,0.5,12
2024,0.021384403265286712,0.040450409514160526,0.5286572749727205,0.6666666666666666,12
2025,0.000209071227839603,0.018263560169518207,0.011447451969881638,0.6666666666666666,3
