ADV Threshold,Full Rebal Cons Median ($M),Turnover-Adj Cons Median ($M),Full Rebal Agg Median ($M),Turnover-Adj Agg Median ($M)
5%,179.09613963497387,968.087241270129,7667.911340492545,41448.169408067806
10%,358.19227926994773,1936.174482540258,15335.82268098509,82896.33881613561
15%,537.2884189049215,2904.2617238103867,23003.734021477627,124344.5082242034
20%,716.3845585398955,3872.348965080516,30671.64536197018,165792.67763227122
25%,895.4806981748692,4840.436206350644,38339.55670246272,207240.84704033905
