,EqualWeight,Momentum,InverseVol,RiskParity,HRP,MinVariance,MaxSharpe,BlackLitterman,MeanCVaR,TO_MVO,ROW_AVG
SF,0.37829004390956095,0.4307548783639124,0.3292518121142399,0.3479436451590048,0.2952602507082747,0.31617186649907775,0.3942866018195125,0.4219623719588733,0.22212494080379333,0.38840305283049376,0.35244494641667434
All6-EW,0.3539226021357804,0.4205375921182931,0.33126377141891106,0.3399517872762469,0.34821821436240286,0.2585599600184157,0.3570368384906022,0.45330544013555235,0.1834352674139146,0.45825808747452634,0.3504489560844646
All6-ICwt,0.42727809659373117,0.4207417519534914,0.40386157286403973,0.4183484593532909,0.3939397029770452,0.34454228629090333,0.3391667878652064,0.36421886821453553,0.2705323533659314,0.3952462290650636,0.37778761085432383
Top3-EW,0.33554184758413674,0.3516300152969999,0.325739101066651,0.33528172463109135,0.28376858459141985,0.31744841473024266,0.3120541661605649,0.2860067071528303,0.26862756935648346,0.22805534169386768,0.3044153472264287
Top3-ICwt,0.4183584527337333,0.4325653560602113,0.40280103287310737,0.4129415615942274,0.3695898422026104,0.3873596099680474,0.277262252116573,0.3209399515295004,0.17997963297509018,0.24756718175487294,0.3449364873807973
Corr03-EW,0.29066616681937046,0.3048281946426756,0.25574118199573426,0.27192202010584354,0.259185116155959,0.19497817898824454,0.22086471887740972,0.22733164310717702,0.19448706651411954,0.28807626121765084,0.25080805484241847
Corr03-ICwt,0.3783604579278955,0.3589892337411509,0.3641922467690824,0.36744604217692556,0.3663775850077875,0.32802493412648026,0.22428131742137128,0.2921624544591725,0.2159339034809673,0.28434411702329865,0.3180112292134131
Corr05-EW,0.37423618852525853,0.4571771894054913,0.352739751273612,0.3646990712278393,0.3289207039471059,0.26319931612518754,0.3522795221492667,0.4168694652217659,0.22934143214149438,0.38765555398528007,0.3527118194002301
