Factor,PC,Gross_Sharpe,Stock_TO,PC_TO,Total_TO,TC_Adj_Sharpe,TC_Drag_Ann,BreakEven_TC,Stability,DoF,r_Performance,r_Stability,r_Parsimony,r_TC_Robustness,r_LowTurnover,Composite
SF,MeanCVaR,0.49639743900694083,0.097070021468343,0.0230777525679165,0.1201477740362595,0.4462098111333912,0.006487979797958012,445.08747876257195,0.6971395000736696,1,0.775,0.6625,0.80625,0.95,0.9375,0.7956249999999999
Corr03-EW,MeanCVaR,0.5934559956566476,0.1771969065670755,0.0138493769071259,0.1910462834742014,0.51447989803149,0.010316499307606876,338.1468647805423,0.8965533086046601,2,0.9625,0.9,0.51875,0.775,0.4625,0.78
SF,TO_MVO,0.5476542586327178,0.097070021468343,0.0124305060983453,0.1095005275666883,0.5044232773022048,0.005913028488601167,570.0643584761222,0.7878025399598816,3,0.95,0.75,0.24375,1.0,0.9625,0.7675000000000001
SF,MinVariance,0.38252963120265143,0.097070021468343,0.0226558904097807,0.1197259118781237,0.3345749127524073,0.00646519924141868,358.96015992627997,0.9473177306012216,1,0.4,0.9875,0.80625,0.85,0.95,0.7506249999999999
Corr05-EW,TO_MVO,0.5631753272804999,0.1836209882475732,0.0084639550434761,0.1920849432910493,0.48969134219042365,0.010372586937716661,344.87636587152133,0.9493094529866346,4,0.9125,1.0,0.08125,0.8125,0.3875,0.7006249999999998
