Factor,PC,Dev_Sharpe,Hold_Sharpe_Gross,Hold_Sharpe_TC,Hold_AnnRet,Hold_AnnVol,Hold_MaxDD,Dev_to_Hold_Decay,Total_TO,DoF,Composite,N_Months
SF,MeanCVaR,0.49639743900694083,0.2579934519542131,0.22212494080379336,0.046666456192308456,0.18088232797703138,-0.27202637859257117,-0.23840398705272775,0.1201477740362595,1,0.7956249999999999,75
Corr03-EW,MeanCVaR,0.5934559956566476,0.2508935403657907,0.19448706651411954,0.04588733985168325,0.18289566078417852,-0.33467995516944626,-0.34256245529085694,0.1910462834742014,2,0.78,75
SF,TO_MVO,0.5476542586327178,0.4194376207904176,0.38840305283049376,0.07991561552032994,0.1905303948885924,-0.3227162269079117,-0.1282166378423002,0.1095005275666883,3,0.7675000000000001,75
SF,MinVariance,0.38252963120265143,0.35151948214945805,0.31617186649907775,0.0642941100133897,0.18290340444360723,-0.28883018533842364,-0.03101014905319338,0.1197259118781237,1,0.7506249999999999,75
Corr05-EW,TO_MVO,0.5631753272804999,0.44273627914975805,0.38765555398528007,0.08337436611897925,0.18831609254857878,-0.3225348355277603,-0.12043904813074185,0.1920849432910493,4,0.7006249999999998,75
